region_code,region_name,region_en,region_type,region_type_flag,year,births,grade1_students,elem_school,school_change,closed_elem_year,closed_elem_year_2020_2024,births_per_school,grade1_per_school,b2s_ratio,b2s_gap,risk_index,estimated_flag
11, 서울특별시,Seoul,CapitalArea,1,2020,47445,71356,607,0,0,0,78.163,117.555,1.504,23911,0.504,0
11, 서울특별시,Seoul,CapitalArea,1,2021,45531,71138,607,0,0,0,75.01,117.196,1.562,25607,0.562,0
11, 서울특별시,Seoul,CapitalArea,1,2022,42602,70442,608,1,0,0,70.069,115.859,1.653,27840,0.653,0
11, 서울특별시,Seoul,CapitalArea,1,2023,39456,66324,609,1,0,0,64.788,108.906,1.681,26868,0.681,0
11, 서울특별시,Seoul,CapitalArea,1,2024,41605,59492,609,0,0,0,68.317,97.688,1.43,17887,0.43,0
26, 부산광역시,Busan,OtherMetro,1,2020,15058,"25,800",304,0,0,0,49.533,84.868,0.584,10742,0.713,1
26, 부산광역시,Busan,OtherMetro,1,2021,14446,"24,800",304,0,0,0,47.52,81.579,0.583,10354,0.717,1
26, 부산광역시,Busan,OtherMetro,1,2022,14134,25535,304,0,0,0,46.493,83.997,1.807,11401,0.807,0
26, 부산광역시,Busan,OtherMetro,1,2023,12866,23622,305,1,0,0,42.184,77.449,1.836,10756,0.836,0
26, 부산광역시,Busan,OtherMetro,1,2024,13063,20921,305,0,0,0,42.83,68.593,1.602,7858,0.602,0
27,  대구광역시,Daegu,OtherMetro,1,2020,11193,20189,241,0,0,1,46.444,83.772,1.804,8996,0.804,1
27,  대구광역시,Daegu,OtherMetro,1,2021,10661,20310,241,0,0,1,44.237,84.274,1.905,9649,0.905,1
27,  대구광역시,Daegu,OtherMetro,1,2022,10134,20254,241,0,0,1,42.05,84.041,1.999,10120,0.999,1
27,  대구광역시,Daegu,OtherMetro,1,2023,9410,18889,240,-1,1,1,39.208,78.704,2.007,9479,1.007,1
27,  대구광역시,Daegu,OtherMetro,1,2024,10103,16996,240,0,0,1,42.096,70.817,1.682,6893,0.682,0
28,인천광역시,Incheon,CapitalArea,1,2020,16040,25786,253,0,0,0,63.399,101.921,1.608,9746,0.608,0
28,인천광역시,Incheon,CapitalArea,1,2021,14947,25491,258,5,0,0,57.934,98.802,1.705,10544,0.705,0
28,인천광역시,Incheon,CapitalArea,1,2022,14464,23900,260,2,0,0,55.631,91.923,0.605,9436,0.652,1
28,인천광역시,Incheon,CapitalArea,1,2023,13659,21100,262,2,0,0,52.134,80.534,0.647,7441,0.545,1
28,인천광역시,Incheon,CapitalArea,1,2024,15236,19300,265,3,0,0,57.494,72.83,0.789,4064,0.267,1
29,광주광역시,Gwangju,OtherMetro,1,2020,7318,13600,154,0,0,0,47.519,88.312,0.538,6282,0.858,1
29,광주광역시,Gwangju,OtherMetro,1,2021,7956,13400,155,1,0,0,51.329,86.452,0.594,5444,0.684,1
29,광주광역시,Gwangju,OtherMetro,1,2022,7446,13300,155,0,0,0,48.039,85.806,0.56,5854,0.786,1
29,광주광역시,Gwangju,OtherMetro,1,2023,6172,12538,155,0,0,0,39.819,80.89,2.031,6366,1.031,0
29,광주광역시,Gwangju,OtherMetro,1,2024,6034,11392,155,0,0,0,38.929,73.497,1.888,5358,0.888,0
30,대전광역시,Daejeon,OtherMetro,1,2020,7481,13850,150,0,0,2,49.873,92.333,1.851,6369,0.851,0
30,대전광역시,Daejeon,OtherMetro,1,2021,7414,13433,150,0,0,2,49.427,89.553,1.812,6019,0.812,1
30,대전광역시,Daejeon,OtherMetro,1,2022,7677,13454,150,0,0,2,51.18,89.693,1.753,5777,0.753,1
30,대전광역시,Daejeon,OtherMetro,1,2023,7194,12448,152,2,0,2,47.329,81.895,1.73,5254,0.73,0
30,대전광역시,Daejeon,OtherMetro,1,2024,7266,11204,150,-2,2,2,48.44,74.693,1.542,3938,0.542,0
31,울산광역시,Ulsan,OtherMetro,1,2020,6617,10842,122,0,0,0,54.238,88.869,1.639,4225,0.639,0
31,울산광역시,Ulsan,OtherMetro,1,2021,6127,10957,122,0,0,0,50.221,89.811,1.788,4830,0.788,0
31,울산광역시,Ulsan,OtherMetro,1,2022,5399,10827,122,0,0,0,44.254,88.746,2.005,5428,1.005,0
31,울산광역시,Ulsan,OtherMetro,1,2023,5082,10240,122,0,0,0,41.656,83.934,2.015,5158,1.015,1
31,울산광역시,Ulsan,OtherMetro,1,2024,5282,9011,122,0,0,0,43.295,73.861,1.706,3729,0.706,0
36,세종특별자치시,Sejong,OtherMetro,1,2020,3468,5800,55,0,0,0,63.055,105.455,0.598,2332,0.672,1
36,세종특별자치시,Sejong,OtherMetro,1,2021,3570,5700,55,0,0,0,64.909,103.626,0.626,2130,0.597,1
36,세종특별자치시,Sejong,OtherMetro,1,2022,3209,5555,55,0,0,0,58.345,101,1.731,2346,0.731,0
36,세종특별자치시,Sejong,OtherMetro,1,2023,2761,5311,55,0,0,0,50.2,96.564,1.924,2550,0.924,0
36,세종특별자치시,Sejong,OtherMetro,1,2024,2895,4862,55,0,0,0,52.636,88.4,1.679,1967,0.679,0
41, 경기도,Gyeonggi-do,CapitalArea,1,2020,77737,121000,1302,0,0,0,59.706,92.934,1.557,43263,0.557,1
41, 경기도,Gyeonggi-do,CapitalArea,1,2021,76139,124000,1312,10,0,0,58.033,94.512,1.629,47861,0.629,1
41, 경기도,Gyeonggi-do,CapitalArea,1,2022,75323,129784,1322,10,0,0,56.977,98.172,1.723,54461,0.723,0
41, 경기도,Gyeonggi-do,CapitalArea,1,2023,68817,120519,1332,10,0,0,51.664,90.48,1.751,51702,0.751,0
41, 경기도,Gyeonggi-do,CapitalArea,1,2024,71285,101749,1338,6,0,0,53.277,76.046,1.427,30464,0.427,0
42, 강원특별자치도,Gangwon-do,Province,0,2020,7835,14000,347,0,0,0,22.579,40.346,1.787,6165,0.787,1
42, 강원특별자치도,Gangwon-do,Province,0,2021,7357,13000,349,2,0,0,21.08,37.249,1.767,5643,0.767,1
42, 강원특별자치도,Gangwon-do,Province,0,2022,7278,11960,351,2,0,0,20.735,34.074,1.643,4682,0.643,0
42, 강원특별자치도,Gangwon-do,Province,0,2023,6688,11047,353,2,0,0,18.946,31.295,1.652,4359,0.652,0
42, 강원특별자치도,Gangwon-do,Province,0,2024,6592,9824,355,2,0,0,18.569,27.673,1.49,3232,0.49,0
43, 충청북도,Chungcheongbuk-do,Province,0,2020,8607,15000,258,0,0,0,33.36,58.14,1.743,6393,0.743,0
43, 충청북도,Chungcheongbuk-do,Province,0,2021,8190,14800,260,2,0,0,31.5,56.923,1.807,6610,0.807,1
43, 충청북도,Chungcheongbuk-do,Province,0,2022,7452,14500,261,1,0,0,28.552,55.556,1.946,7948,1.067,1
43, 충청북도,Chungcheongbuk-do,Province,0,2023,7580,13980,263,2,0,0,28.821,53.156,1.844,6400,0.844,1
43, 충청북도,Chungcheongbuk-do,Province,0,2024,7540,11780,264,1,0,0,28.561,44.621,1.562,4240,0.562,1
44, 충청남도,Chungcheongnam-do,Province,0,2020,8607,17000,390,0,0,0,22.069,43.59,1.975,8393,0.975,1
44, 충청남도,Chungcheongnam-do,Province,0,2021,8190,16500,392,2,0,0,20.893,42.092,2.015,8310,1.015,1
44, 충청남도,Chungcheongnam-do,Province,0,2022,7452,16000,393,1,0,0,18.962,40.712,2.147,8548,1.147,1
44, 충청남도,Chungcheongnam-do,Province,0,2023,7580,15000,395,2,0,0,19.19,37.975,1.979,7420,0.979,1
44, 충청남도,Chungcheongnam-do,Province,0,2024,7540,13200,397,2,0,0,18.992,33.249,1.751,5660,0.751,1
45, 전북특별자치도,Jeollabuk-do,Province,0,2020,8165,14468,407,0,0,0,20.061,35.548,1.772,6303,0.772,0
45, 전북특별자치도,Jeollabuk-do,Province,0,2021,7475,14172,407,0,0,0,18.366,34.821,1.896,6697,0.896,0
45, 전북특별자치도,Jeollabuk-do,Province,0,2022,7032,14067,407,0,0,0,17.278,34.563,2,7035,1,0
45, 전북특별자치도,Jeollabuk-do,Province,0,2023,6622,12577,407,0,0,0,16.27,30.902,1.899,5955,0.899,0
45, 전북특별자치도,Jeollabuk-do,Province,0,2024,6780,11145,407,0,0,0,16.658,27.383,1.644,4365,0.644,1
46,전라남도,Jeollanam-do,Province,0,2020,9738,15070,430,0,0,6,22.647,35.047,1.548,5332,0.548,1
46,전라남도,Jeollanam-do,Province,0,2021,8430,15815,426,-4,4,6,19.789,37.124,1.876,7385,0.876,0
46,전라남도,Jeollanam-do,Province,0,2022,7888,13815,428,2,0,6,18.43,32.278,1.751,5927,0.751,0
46,전라남도,Jeollanam-do,Province,0,2023,7828,12881,428,0,0,6,18.29,30.096,1.646,5053,0.646,0
46,전라남도,Jeollanam-do,Province,0,2024,8225,11155,426,-2,2,6,19.308,26.185,1.356,2930,0.356,0
47, 경상북도,Gyeongsangbuk-do,Province,0,2020,12873,20935,548,0,0,0,23.491,38.203,1.626,8062,0.626,0
47, 경상북도,Gyeongsangbuk-do,Province,0,2021,12045,20120,548,0,0,0,21.98,36.715,1.67,8075,0.67,1
47, 경상북도,Gyeongsangbuk-do,Province,0,2022,11311,19284,548,0,0,0,20.641,35.19,1.705,7973,0.705,0
47, 경상북도,Gyeongsangbuk-do,Province,0,2023,10186,17563,548,0,0,0,18.588,32.049,1.724,7377,0.724,1
47, 경상북도,Gyeongsangbuk-do,Province,0,2024,10333,15420,548,0,0,0,18.856,28.139,1.492,5087,0.492,0
48, 경상남도,Gyeongsangnam-do,Province,0,2020,16823,26000,590,0,0,0,28.514,44.068,1.546,9177,0.546,1
48, 경상남도,Gyeongsangnam-do,Province,0,2021,15562,25200,592,2,0,0,26.287,42.568,1.619,9638,0.619,1
48, 경상남도,Gyeongsangnam-do,Province,0,2022,14017,24300,594,2,0,0,23.598,40.909,1.734,10283,0.734,0
48, 경상남도,Gyeongsangnam-do,Province,0,2023,13049,22000,596,2,0,0,21.894,36.913,1.686,8951,0.686,0
48, 경상남도,Gyeongsangnam-do,Province,0,2024,13067,19800,598,2,0,0,21.851,33.11,1.515,6733,0.515,1
50, 제주특별자치도,Jeju-do,Province,0,2020,3989,6426,114,0,0,0,34.991,56.368,1.611,2437,0.611,0
50, 제주특별자치도,Jeju-do,Province,0,2021,3728,6551,114,0,0,0,32.702,57.465,1.757,2823,0.757,0
50, 제주특별자치도,Jeju-do,Province,0,2022,3599,6694,114,0,0,0,31.57,58.719,1.86,3095,0.86,0
50, 제주특별자치도,Jeju-do,Province,0,2023,3222,6189,114,0,0,0,28.263,54.289,1.921,2967,0.921,0
50, 제주특별자치도,Jeju-do,Province,,2024,3456,5471,114,0,0,0,30.316,47.991,1.583,2015,0.583,0
